INSERT INTO users (username, email, name, surname, biografy, imageprofile, password) VALUES ('lukeaz', 'lukeaz@fakemail.com', 'Luke', 'Az', NULL, 'https://avatars.githubusercontent.com/u/39671405', '$kEbFqy2lW6p6aU3DmsD6pg$rsytFH18KmR8yKSrNCgKlR+MWR6BFlFf3jajE1lD5yg'); -- PASSWORD: Hackerfill_00
INSERT INTO users (username, email, name, surname, biografy, imageprofile, password) VALUES ('radolfo', 'radolfosacco@fakemail.com', 'Radolfo', 'Lo Sacco', NULL, NULL, '$eJF0Bucr4G1U1+Qf3CL+VA$d2TKNb0pDG6WhE78TT1y9q1kn8054lGliRiSnGziDI4'); -- PASSWORD: Hackerfill_00
INSERT INTO users (username, email, name, surname, biografy, imageprofile, password) VALUES ('giova', 'giovaem@fakemail.com', 'Giovanni', 'Emmi', NULL, NULL, '$zRR5xWSh+ORKpP7DF580/Q$c9a+NPyUYk46vxh9Yq9AB1K+7Oy7PvD6rfqvKXK5oVI'); -- PASSWORD: Hackerfill_00
INSERT INTO users (username, email, name, surname, biografy, imageprofile, password) VALUES ('granfranco', 'granfanco@fakemail.com', 'Gianfranco', 'Caldarelli', NULL, NULL, '$WMGT2PJ31zj46Zj90djiiw$bFD3YMtxgE1TKABlUMN13vrFv9KJFnv6DiCRcohgpJg'); -- PASSWORD: Hackerfill_00
INSERT INTO users (username, email, name, surname, biografy, imageprofile, password) VALUES ('tommy', 'tommy@fakemail.com', 'Tommaso', 'Franchino', NULL, NULL, '$WMGT2PJ31zj46Zj90djiiw$bFD3YMtxgE1TKABlUMN13vrFv9KJFnv6DiCRcohgpJg');
INSERT INTO users (username, email, name, surname, biografy, imageprofile, password) VALUES ('giuse', 'giuse@fakemail.com', 'Giuseppe', 'Madia', NULL, NULL, '$WMGT2PJ31zj46Zj90djiiw$bFD3YMtxgE1TKABlUMN13vrFv9KJFnv6DiCRcohgpJg');
INSERT INTO users (username, email, name, surname, biografy, imageprofile, password) VALUES ('marcello', 'marcello@fakemail.com', 'Marcello', 'Falsetti', NULL, NULL, '$WMGT2PJ31zj46Zj90djiiw$bFD3YMtxgE1TKABlUMN13vrFv9KJFnv6DiCRcohgpJg');
INSERT INTO users (username, email, name, surname, biografy, imageprofile, password) VALUES ('giordano', 'giordano@fakemail.com', 'Giordano', 'Fernicola', NULL, NULL, '$WMGT2PJ31zj46Zj90djiiw$bFD3YMtxgE1TKABlUMN13vrFv9KJFnv6DiCRcohgpJg');
INSERT INTO users (username, email, name, surname, biografy, imageprofile, password) VALUES ('paolo', 'paolo@fakemail.com', 'Paolo', 'Chiappetta', NULL, NULL, '$WMGT2PJ31zj46Zj90djiiw$bFD3YMtxgE1TKABlUMN13vrFv9KJFnv6DiCRcohgpJg');
INSERT INTO users (username, email, name, surname, biografy, imageprofile, password) VALUES ('gianluca', 'gianluca@fakemail.com', 'Gianluca', 'Bacigalupo', NULL, NULL, '$WMGT2PJ31zj46Zj90djiiw$bFD3YMtxgE1TKABlUMN13vrFv9KJFnv6DiCRcohgpJg');
INSERT INTO users (username, email, name, surname, biografy, imageprofile, password) VALUES ('virgilio', 'virgilio@fakemail.com', 'Virgilio', 'Stefano', NULL, NULL, '$WMGT2PJ31zj46Zj90djiiw$bFD3YMtxgE1TKABlUMN13vrFv9KJFnv6DiCRcohgpJg');
INSERT INTO users (username, email, name, surname, biografy, imageprofile, password) VALUES ('luigi', 'luigi@fakemail.com', 'Luigi', 'Figliola', NULL, NULL, '$WMGT2PJ31zj46Zj90djiiw$bFD3YMtxgE1TKABlUMN13vrFv9KJFnv6DiCRcohgpJg');

INSERT INTO advertiser (advertiserid) VALUES ('lukeaz');
INSERT INTO advertiser (advertiserid) VALUES ('radolfo');
INSERT INTO advertiser (advertiserid) VALUES ('giova');
INSERT INTO advertiser (advertiserid) VALUES ('granfranco');
INSERT INTO advertiser (advertiserid) VALUES ('tommy');
INSERT INTO advertiser (advertiserid) VALUES ('giuse');
INSERT INTO advertiser (advertiserid) VALUES ('marcello');
INSERT INTO advertiser (advertiserid) VALUES ('giordano');
INSERT INTO advertiser (advertiserid) VALUES ('paolo');
INSERT INTO advertiser (advertiserid) VALUES ('gianluca');
INSERT INTO reader (readerid) VALUES ('virgilio');
INSERT INTO reader (readerid) VALUES ('luigi');

INSERT INTO category (name, description) VALUES ('Web', 'Tools and web applications for privacy, reverse engineering, and api scrape.');
INSERT INTO category (name, description) VALUES ('Machine', 'Attacks and use of network-level vulnerabilities for connections and access breaches.');
INSERT INTO category (name, description) VALUES ('Crypto', 'Tools and techniques to identify tokens and ciphers to decrypt them and get the hidden information. Techniques to hide information from unwanted people.');
INSERT INTO category (name, description) VALUES ('Network', 'Interpretation of packets sent over the network (http and https) and their decryption using tools.');       